{
    "kind": "List",
    "apiVersion": "v1",
    "metadata": {},
    "items": [
        {
            "apiVersion": "v1",
            "kind": "Service",
            "metadata": {
                "annotations": {
                    "description": "The web server's http port."
                },
                "labels": {
                    "application": "bookstore",
                    "template": "eap70-mysql-persistent-s2i",
                    "xpaas": "1.3.2"
                },
                "name": "bookstore"
            },
            "spec": {
                "ports": [
                    {
                        "port": 8080,
                        "targetPort": 8080
                    }
                ],
                "selector": {
                    "deploymentConfig": "bookstore"
                }
            }
        },
        {
            "apiVersion": "v1",
            "kind": "Service",
            "metadata": {
                "annotations": {
                    "description": "The web server's https port."
                },
                "labels": {
                    "application": "bookstore",
                    "template": "eap70-mysql-persistent-s2i",
                    "xpaas": "1.3.2"
                },
                "name": "secure-bookstore"
            },
            "spec": {
                "ports": [
                    {
                        "port": 8443,
                        "targetPort": 8443
                    }
                ],
                "selector": {
                    "deploymentConfig": "bookstore"
                }
            }
        },
        {
            "apiVersion": "v1",
            "kind": "Service",
            "metadata": {
                "annotations": {
                    "description": "The database server's port."
                },
                "labels": {
                    "application": "bookstore",
                    "template": "eap70-mysql-persistent-s2i",
                    "xpaas": "1.3.2"
                },
                "name": "bookstore-mysql"
            },
            "spec": {
                "ports": [
                    {
                        "port": 3306,
                        "targetPort": 3306
                    }
                ],
                "selector": {
                    "deploymentConfig": "bookstore-mysql"
                }
            }
        },
        {
            "apiVersion": "v1",
            "id": "bookstore-http",
            "kind": "Route",
            "metadata": {
                "annotations": {
                    "description": "Route for application's http service."
                },
                "labels": {
                    "application": "bookstore",
                    "template": "eap70-mysql-persistent-s2i",
                    "xpaas": "1.3.2"
                },
                "name": "bookstore"
            },
            "spec": {
                "host": "bookstore.cloudapps.lab.example.com",
                "to": {
                    "name": "bookstore"
                }
            }
        },
        {
            "apiVersion": "v1",
            "id": "bookstore-https",
            "kind": "Route",
            "metadata": {
                "annotations": {
                    "description": "Route for application's https service."
                },
                "labels": {
                    "application": "bookstore",
                    "template": "eap70-mysql-persistent-s2i",
                    "xpaas": "1.3.2"
                },
                "name": "secure-bookstore"
            },
            "spec": {
                "host": "secure-bookstore.cloudapps.lab.example.com",
                "tls": {
                    "termination": "passthrough"
                },
                "to": {
                    "name": "secure-bookstore"
                }
            }
        },
        {
            "apiVersion": "v1",
            "kind": "ImageStream",
            "metadata": {
                "labels": {
                    "application": "bookstore",
                    "template": "eap70-mysql-persistent-s2i",
                    "xpaas": "1.3.2"
                },
                "name": "bookstore"
            }
        },
        {
            "apiVersion": "v1",
            "kind": "BuildConfig",
            "metadata": {
                "labels": {
                    "application": "bookstore",
                    "template": "eap70-mysql-persistent-s2i",
                    "xpaas": "1.3.2"
                },
                "name": "bookstore"
            },
            "spec": {
                "output": {
                    "to": {
                        "kind": "ImageStreamTag",
                        "name": "bookstore:latest"
                    }
                },
                "source": {
                    "contextDir": "",
                    "git": {
                        "ref": "",
                        "uri": "http://workstation.lab.example.com/bookstore"
                    },
                    "type": "Git"
                },
                "strategy": {
                    "sourceStrategy": {
                        "forcePull": true,
                        "from": {
                            "kind": "ImageStreamTag",
                            "name": "jboss-eap70-openshift:1.4",
                            "namespace": "openshift"
                        }
                    },
                    "type": "Source"
                },
                "triggers": [
                    {
                        "github": {
                            "secret": "aXAcCR5n"
                        },
                        "type": "GitHub"
                    },
                    {
                        "generic": {
                            "secret": "7oYK7I4o"
                        },
                        "type": "Generic"
                    },
                    {
                        "imageChange": {},
                        "type": "ImageChange"
                    },
                    {
                        "type": "ConfigChange"
                    }
                ]
            }
        },
        {
            "apiVersion": "v1",
            "kind": "DeploymentConfig",
            "metadata": {
                "labels": {
                    "application": "bookstore",
                    "template": "eap70-mysql-persistent-s2i",
                    "xpaas": "1.3.2"
                },
                "name": "bookstore"
            },
            "spec": {
                "replicas": 1,
                "selector": {
                    "deploymentConfig": "bookstore"
                },
                "strategy": {
                    "type": "Recreate"
                },
                "template": {
                    "metadata": {
                        "labels": {
                            "application": "bookstore",
                            "deploymentConfig": "bookstore"
                        },
                        "name": "bookstore"
                    },
                    "spec": {
                        "containers": [
                            {
                                "env": [
                                    {
                                        "name": "DB_SERVICE_PREFIX_MAPPING",
                                        "value": "bookstore-mysql=DB"
                                    },
                                    {
                                        "name": "DB_JNDI",
                                        "value": "java:/jboss/datasources/mysql"
                                    },
                                    {
                                        "name": "DB_USERNAME",
                                        "value": "bookstoreapp"
                                    },
                                    {
                                        "name": "DB_PASSWORD",
                                        "value": "secret"
                                    },
                                    {
                                        "name": "DB_DATABASE",
                                        "value": "bookstoredb"
                                    },
                                    {
                                        "name": "TX_DATABASE_PREFIX_MAPPING",
                                        "value": "bookstore-mysql=DB"
                                    },
                                    {
                                        "name": "DB_MIN_POOL_SIZE",
                                        "value": ""
                                    },
                                    {
                                        "name": "DB_MAX_POOL_SIZE",
                                        "value": ""
                                    },
                                    {
                                        "name": "DB_TX_ISOLATION",
                                        "value": ""
                                    },
                                    {
                                        "name": "OPENSHIFT_KUBE_PING_LABELS",
                                        "value": "application=bookstore"
                                    },
                                    {
                                        "name": "OPENSHIFT_KUBE_PING_NAMESPACE",
                                        "valueFrom": {
                                            "fieldRef": {
                                                "fieldPath": "metadata.namespace"
                                            }
                                        }
                                    },
                                    {
                                        "name": "HTTPS_KEYSTORE_DIR",
                                        "value": "/etc/eap-secret-volume"
                                    },
                                    {
                                        "name": "HTTPS_KEYSTORE",
                                        "value": "keystore.jks"
                                    },
                                    {
                                        "name": "HTTPS_KEYSTORE_TYPE",
                                        "value": "jks"
                                    },
                                    {
                                        "name": "HTTPS_NAME",
                                        "value": "jboss"
                                    },
                                    {
                                        "name": "HTTPS_PASSWORD",
                                        "value": "mykeystorepass"
                                    },
                                    {
                                        "name": "MQ_CLUSTER_PASSWORD",
                                        "value": "nb0qO1mq"
                                    },
                                    {
                                        "name": "MQ_QUEUES",
                                        "value": ""
                                    },
                                    {
                                        "name": "MQ_TOPICS",
                                        "value": ""
                                    },
                                    {
                                        "name": "JGROUPS_ENCRYPT_SECRET",
                                        "value": "eap-app-secret-member"
                                    },
                                    {
                                        "name": "JGROUPS_ENCRYPT_KEYSTORE_DIR",
                                        "value": "/etc/jgroups-encrypt-secret-volume"
                                    },
                                    {
                                        "name": "JGROUPS_ENCRYPT_KEYSTORE",
                                        "value": "jgroups.jceks"
                                    },
                                    {
                                        "name": "JGROUPS_ENCRYPT_NAME",
                                        "value": ""
                                    },
                                    {
                                        "name": "JGROUPS_ENCRYPT_PASSWORD",
                                        "value": ""
                                    },
                                    {
                                        "name": "JGROUPS_CLUSTER_PASSWORD",
                                        "value": "58Cder2w"
                                    },
                                    {
                                        "name": "AUTO_DEPLOY_EXPLODED",
                                        "value": "false"
                                    },
                                    {
                                        "name": "DEFAULT_JOB_REPOSITORY",
                                        "value": "bookstore-mysql"
                                    },
                                    {
                                        "name": "TIMER_SERVICE_DATA_STORE",
                                        "value": "bookstore-mysql"
                                    }
                                ],
                                "image": "bookstore",
                                "imagePullPolicy": "Always",
                                "lifecycle": {
                                    "preStop": {
                                        "exec": {
                                            "command": [
                                                "/opt/eap/bin/jboss-cli.sh",
                                                "-c",
                                                ":shutdown(timeout=60)"
                                            ]
                                        }
                                    }
                                },
                                "livenessProbe": {
                                    "exec": {
                                        "command": [
                                            "/bin/bash",
                                            "-c",
                                            "/opt/eap/bin/livenessProbe.sh"
                                        ]
                                    }
                                },
                                "name": "bookstore",
                                "ports": [
                                    {
                                        "containerPort": 8778,
                                        "name": "jolokia",
                                        "protocol": "TCP"
                                    },
                                    {
                                        "containerPort": 8080,
                                        "name": "http",
                                        "protocol": "TCP"
                                    },
                                    {
                                        "containerPort": 8443,
                                        "name": "https",
                                        "protocol": "TCP"
                                    },
                                    {
                                        "containerPort": 8888,
                                        "name": "ping",
                                        "protocol": "TCP"
                                    }
                                ],
                                "readinessProbe": {
                                    "exec": {
                                        "command": [
                                            "/bin/bash",
                                            "-c",
                                            "/opt/eap/bin/readinessProbe.sh"
                                        ]
                                    }
                                },
                                "volumeMounts": [
                                    {
                                        "mountPath": "/etc/eap-secret-volume",
                                        "name": "eap-keystore-volume",
                                        "readOnly": true
                                    },
                                    {
                                        "mountPath": "/etc/jgroups-encrypt-secret-volume",
                                        "name": "eap-jgroups-keystore-volume",
                                        "readOnly": true
                                    }
                                ]
                            }
                        ],
                        "serviceAccountName": "eap-service-account",
                        "terminationGracePeriodSeconds": 75,
                        "volumes": [
                            {
                                "name": "eap-keystore-volume",
                                "secret": {
                                    "secretName": "eap-app-secret-member"
                                }
                            },
                            {
                                "name": "eap-jgroups-keystore-volume",
                                "secret": {
                                    "secretName": "eap-app-secret-member"
                                }
                            }
                        ]
                    }
                },
                "triggers": [
                    {
                        "imageChangeParams": {
                            "automatic": true,
                            "containerNames": [
                                "bookstore"
                            ],
                            "from": {
                                "kind": "ImageStreamTag",
                                "name": "bookstore:latest"
                            }
                        },
                        "type": "ImageChange"
                    },
                    {
                        "type": "ConfigChange"
                    }
                ]
            }
        },
        {
            "apiVersion": "v1",
            "kind": "DeploymentConfig",
            "metadata": {
                "labels": {
                    "application": "bookstore",
                    "template": "eap70-mysql-persistent-s2i",
                    "xpaas": "1.3.2"
                },
                "name": "bookstore-mysql"
            },
            "spec": {
                "replicas": 1,
                "selector": {
                    "deploymentConfig": "bookstore-mysql"
                },
                "strategy": {
                    "type": "Recreate"
                },
                "template": {
                    "metadata": {
                        "labels": {
                            "application": "bookstore",
                            "deploymentConfig": "bookstore-mysql"
                        },
                        "name": "bookstore-mysql"
                    },
                    "spec": {
                        "containers": [
                            {
                                "env": [
                                    {
                                        "name": "MYSQL_USER",
                                        "value": "bookstoreapp"
                                    },
                                    {
                                        "name": "MYSQL_PASSWORD",
                                        "value": "secret"
                                    },
                                    {
                                        "name": "MYSQL_DATABASE",
                                        "value": "bookstoredb"
                                    },
                                    {
                                        "name": "MYSQL_LOWER_CASE_TABLE_NAMES",
                                        "value": ""
                                    },
                                    {
                                        "name": "MYSQL_MAX_CONNECTIONS",
                                        "value": ""
                                    },
                                    {
                                        "name": "MYSQL_FT_MIN_WORD_LEN",
                                        "value": ""
                                    },
                                    {
                                        "name": "MYSQL_FT_MAX_WORD_LEN",
                                        "value": ""
                                    },
                                    {
                                        "name": "MYSQL_AIO",
                                        "value": ""
                                    }
                                ],
                                "image": "mysql",
                                "imagePullPolicy": "Always",
                                "name": "bookstore-mysql",
                                "ports": [
                                    {
                                        "containerPort": 3306,
                                        "protocol": "TCP"
                                    }
                                ],
                                "volumeMounts": [
                                    {
                                        "mountPath": "/var/lib/mysql/data",
                                        "name": "bookstore-mysql-pvol"
                                    }
                                ]
                            }
                        ],
                        "terminationGracePeriodSeconds": 60,
                        "volumes": [
                            {
                                "name": "bookstore-mysql-pvol",
                                "persistentVolumeClaim": {
                                    "claimName": "bookstore-mysql-claim"
                                }
                            }
                        ]
                    }
                },
                "triggers": [
                    {
                        "imageChangeParams": {
                            "automatic": true,
                            "containerNames": [
                                "bookstore-mysql"
                            ],
                            "from": {
                                "kind": "ImageStreamTag",
                                "name": "mysql:latest",
                                "namespace": "openshift"
                            }
                        },
                        "type": "ImageChange"
                    },
                    {
                        "type": "ConfigChange"
                    }
                ]
            }
        },
        {
            "apiVersion": "v1",
            "kind": "PersistentVolumeClaim",
            "metadata": {
                "labels": {
                    "application": "bookstore",
                    "template": "eap70-mysql-persistent-s2i",
                    "xpaas": "1.3.2"
                },
                "name": "bookstore-mysql-claim"
            },
            "spec": {
                "accessModes": [
                    "ReadWriteOnce"
                ],
                "resources": {
                    "requests": {
                        "storage": "1Gi"
                    }
                }
            }
        }
    ]
}
