{
    "kind": "Template",
    "apiVersion": "v1",
    "metadata": {
        "name": "go-s2i",
        "creationTimestamp": null
    },
    "objects": [
        {
            "apiVersion": "v1",
            "kind": "Service",
            "metadata": {
                "annotations": {
                    "description": "The web server's http port."
                },
                "labels": {
                    "application": "${APPLICATION_NAME}"
                },
                "name": "${APPLICATION_NAME}"
            },
            "spec": {
                "ports": [
                    {
                        "port": 8080,
                        "targetPort": 8080
                    }
                ],
                "selector": {
                    "deploymentConfig": "${APPLICATION_NAME}"
                }
            }
        },
        {
            "apiVersion": "v1",
            "id": "${APPLICATION_NAME}-http-route",
            "kind": "Route",
            "metadata": {
                "annotations": {
                    "description": "Route for application's http service."
                },
                "labels": {
                    "application": "${APPLICATION_NAME}"
                },
                "name": "${APPLICATION_NAME}-http-route"
            },
            "spec": {
                "host": "${APPLICATION_HOSTNAME}",
                "to": {
                    "name": "${APPLICATION_NAME}"
                }
            }
        },
        {
            "apiVersion": "v1",
            "kind": "ImageStream",
            "metadata": {
                "labels": {
                    "application": "${APPLICATION_NAME}"
                },
                "name": "${APPLICATION_NAME}"
            }
        },
        {
            "apiVersion": "v1",
            "kind": "BuildConfig",
            "metadata": {
                "labels": {
                    "application": "${APPLICATION_NAME}"
                },
                "name": "${APPLICATION_NAME}"
            },
            "spec": {
                "env": [
                    {
                        "name": "GO_MAIN",
                        "value": "${GO_MAIN}"
                    },
                    {
                        "name": "DOUGLAS",
                        "value": "${DOUGLAS}"
                    }
                ],
                "output": {
                    "to": {
                        "name": "${APPLICATION_NAME}"
                    }
                },
                "source": {
                    "contextDir": "${GIT_CONTEXT_DIR}",
                    "git": {
                        "ref": "${GIT_REF}",
                        "uri": "${GIT_URI}"
                    },
                    "type": "Git"
                },
                "strategy": {
                    "sourceStrategy": {
                        "from": {
                            "kind": "ImageStreamTag",
                            "name": "go:v1.0",
                            "namespace": "openshift"
                        }
                    },
                    "type": "Source"
                },
                "triggers": [
                    {
                        "github": {
                            "secret": "${GITHUB_TRIGGER_SECRET}"
                        },
                        "type": "github"
                    },
                    {
                        "generic": {
                            "secret": "${GENERIC_TRIGGER_SECRET}"
                        },
                        "type": "generic"
                    },
                    {
                        "imageChange": {},
                        "type": "imageChange"
                    }
                ]
            }
        },
        {
            "apiVersion": "v1",
            "kind": "DeploymentConfig",
            "metadata": {
                "labels": {
                    "application": "${APPLICATION_NAME}"
                },
                "name": "${APPLICATION_NAME}"
            },
            "spec": {
                "replicas": 1,
                "selector": {
                    "deploymentConfig": "${APPLICATION_NAME}"
                },
                "strategy": {
                    "type": "Recreate"
                },
                "template": {
                    "metadata": {
                        "labels": {
                            "application": "${APPLICATION_NAME}",
                            "deploymentConfig": "${APPLICATION_NAME}"
                        },
                        "name": "${APPLICATION_NAME}"
                    },
                    "spec": {
                        "containers": [
                            {
                                "env": [],
                                "image": "${APPLICATION_NAME}",
                                "imagePullPolicy": "Always",
                                "name": "${APPLICATION_NAME}",
                                "ports": [
                                    {
                                        "containerPort": 8080
                                    }
                                ]
                            }
                        ]
                    }
                },
                "triggers": [
                    {
                        "imageChangeParams": {
                            "automatic": true,
                            "containerNames": [
                                "${APPLICATION_NAME}"
                            ],
                            "from": {
                                "kind": "ImageStream",
                                "name": "${APPLICATION_NAME}"
                            }
                        },
                        "type": "ImageChange"
                    }
                ]
            }
        }
    ],
    "parameters": [
        {
            "name": "APPLICATION_NAME",
            "description": "Application NAME"
        },
        {
            "name": "GIT_URI",
            "description": "GIT URI"
        },
        {
            "name": "GIT_REF",
            "description": "Git branch"
        },
        {
            "name": "GO_MAIN",
            "description": "Main GO package"
        },
        {
            "name": "GIT_CONTEXT_DIR",
            "description": "Path within Git project to build; empty for root project directory."
        },
        {
            "name": "GITHUB_TRIGGER_SECRET",
            "description": "Github trigger secret",
            "generate": "expression",
            "from": "[a-zA-Z0-9]{8}"
        },
        {
            "name": "GENERIC_TRIGGER_SECRET",
            "description": "Generic build trigger secret",
            "generate": "expression",
            "from": "[a-zA-Z0-9]{8}"
        },
        {
            "name": "APPLICATION_HOSTNAME",
            "description": "Application hostname"
        }
    ],
    "labels": {
        "template": "go-s2i"
    }
}
